[
    {
        "id": 0,
        "question": "How do I mint an IM NFT?",
        "answer": "You will be able to mint an Internet Made NFT on <a href='/'>www.internetmadenft.com</a> website. When you click the mint button you will be redirected to our minting subpage. If you have our whitelist role, you will need to whitelist your Ethereum erc20 wallet (such as MetaMask) address, only then you are able to participate in the presale. Public sale will be open to everyone.<br><br>We are constantly listening to our community and adjusting our roadmap to best serve all of our IM NFT holders. Our vision continues to evolve based on the input of our ecosystem, and in the future we'll have staking and DAO infrastructure available for our NFT holders."
    },
    {
        "id": 1,
        "question": "When is the mint?",
        "answer": "PRESALE: 25/2<br>PUBLIC SALE: 27/2"
    },
    {
        "id": 2,
        "question": "How much will mint be?",
        "answer": "PRESALE: 0.1 ETH<br>PUBLIC SALE: 0.15 ETH"
    },
    {
        "id": 3,
        "question": "How many can you mint?",
        "answer": "You will be able to mint 2 NFTs on presale and 2 NFTs on public sale. If you are whitelisted you are guaranteed to get the NFT."
    },
    {
        "id": 4,
        "question": "How can I get whitelisted?",
        "answer": "Because we want to create a genuine and close-knit community, we don’t give WL roles for leveling on discord. We have a worldwide moderation team which is giving out WL roles to people who are genuinely interacting with others, making fan-art & contributing to the IM community."
    },
    {
        "id": 5,
        "question": "Which blockchain are you using?",
        "answer": "Our NFTs will be stored as tokens on Ethereum blockchain, while avatar pictures are stored on IPFS."
    },
    {
        "id": 6,
        "question": "What can IM NFT holders expect in the future?",
        "answer": "We are constantly listening to our community & like we already pointed out, our vision & plan is not final. Having said that, we will be creating an ecosystem for IM NFT holders - staking & DAO."
    }
]