[
    {
        "phase": 1,
        "image": "/assets/images/roadmap/ph01.png",
        "title": "Metaverse-ready",
        "text": "1. Develop Internet Made event space in Sandbox (already bought land, coordinates are -10, -79). Holders will be able to display, shop and sell Internet Made NFTs there <u>Q1 2022</u><br><br>2. Holders of genesis NFT collection with exclusive traits will get a metaverse NFT wearable airdrop <u>Q2 2022</u><br><br>3. All our avatars from the genesis collection are made with 3D software, so you will be able to use them in the metaverse. TBA",
        "color": {
            "background": "#02030F",
            "avatar": "#314053",
            "text": "#FFF"
        }
    },
    {
        "phase": 2,
        "image": "/assets/images/roadmap/ph02.png",
        "title": "Internet Made ecosystem.",
        "text": "People staking their IM NFTs will be receiving IM token, redeemable for exclusive digital and physical items, as well as real world events <u>Q2 2022</u>.",
        "color": {
            "background": "#FFA133",
            "avatar": "#1C1C1C",
            "text": "#FFF"
        },
        "inverseWrapper": true
    },
    {
        "phase": 3,
        "image": "/assets/images/roadmap/ph03.png",
        "title": "Fashion community",
        "text": "1. Physical pieces for community members <u>Q1 2022</u><br><br>2. Collaborations with fashion houses & talented creatives <u>Q2 2022</u><br><br>3. Internet Made popups in fashion capitals <u>Q3 2022</u><br><br>4. Fashion Accelerator DAO - Community will be able to participate and decide on our collaborations, funding for talented designers that need capital and platform to release their creations <u>Q3 2022</u>",
        "color": {
            "background": "#02030F",
            "avatar": "#253626",
            "text": "#FFF"
        }
    }
]