[
    {
        "id": 0,
        "avatar": {
            "png": "/assets/images/team/avatar-01.png",
            "webp": "/assets/images/team/avatar-01.webp"
        },
        "realImage": null,
        "name": "Tim Brdnik",
        "title": "Founders",
        "description": "Former Facebook ads ninja. Misfit, rebel & big fashion advocate.",
        "socials": {
            "twitter": "https://twitter.com/timbrdnik",
            "instagram": "https://www.instagram.com/timbrdnik/",
            "linkedIn": null
        },
        "color": {
            "background": "#414040",
            "avatar": "#202020"
        }
    },
    {
        "id": 1,
        "avatar": {
            "png": "/assets/images/team/avatar-01.png",
            "webp": "/assets/images/team/avatar-01.webp"
        },
        "realImage": null,
        "name": "Rok Božič",
        "title": "Founders",
        "description": "Grew up on the internet, in web3 from 2017. Creative with experience in design, video & marketing.",
        "socials": {
            "twitter": "https://twitter.com/bozicrok",
            "instagram": null,
            "linkedIn": null
        },
        "color": {
            "background": "#414040",
            "avatar": "#202020"
        }
    },
    {
        "id": 2,
        "avatar": {
            "png": "/assets/images/team/avatar-01.png",
            "webp": "/assets/images/team/avatar-01.webp"
        },
        "realImage": null,
        "name": "ANDREJ PODGORŠEK",
        "title": "Founders",
        "description": "Vitapur Ecommerce group in 12+ countries. 300+ Employees. Working for physical textile to transform to digital.",
        "socials": {
            "twitter": null,
            "instagram": null,
            "linkedIn": "https://www.linkedin.com/in/andrejpodgorsek/"
        },
        "color": {
            "background": "#414040",
            "avatar": "#202020"
        }
    },
    {
        "id": 3,
        "avatar": {
            "png": "/assets/images/team/avatar-01.png",
            "webp": "/assets/images/team/avatar-01.webp"
        },
        "realImage": null,
        "name": "MIRAN PIKOVNIK",
        "title": "Founders",
        "description": "Accounting & Tax, 300+ Employees. Deeply involved with Crypto for the past 5 years. Whale by nature.",
        "socials": {
            "twitter": null,
            "instagram": null,
            "linkedIn": "https://www.linkedin.com/in/miranpikovnik/"
        },
        "color": {
            "background": "#414040",
            "avatar": "#202020"
        }
    },
    {
        "id": 4,
        "avatar": {
            "png": "/assets/images/team/avatar-02.png",
            "webp": "/assets/images/team/avatar-02.webp"
        },
        "realImage": null,
        "name": "Phu Ngo",
        "title": "Technical Lead",
        "description": "Ex TPM, now dApp dev diving headfirst into the Metaverse.",
        "socials": {
            "twitter": null,
            "instagram": null,
            "linkedIn": "https://www.linkedin.com/in/phungo"
        },
        "color": {
            "background": "rgb(229 114 30)",
            "avatar": "rgb(133 61 7)"
        }
    },
    {
        "id": 5,
        "avatar": {
            "png": "/assets/images/team/avatar-03.png",
            "webp": "/assets/images/team/avatar-03.webp"
        },
        "realImage": null,
        "name": "Nik Preston",
        "title": "Lead Designer",
        "description": "Digital handy man lvl 152. Triggered by bad design, unless I make it. #PogChamp Halo player.",
        "socials": {
            "twitter": null,
            "instagram": "https://www.instagram.com/pressed0n/",
            "linkedIn": null
        },
        "color": {
            "background": "#DA9921",
            "avatar": "#B5771B"
        }
    },
    {
        "id": 6,
        "avatar": {
            "png": "/assets/images/team/avatar-03.png",
            "webp": "/assets/images/team/avatar-03.webp"
        },
        "realImage": null,
        "name": "Kristian",
        "title": "3D Designer",
        "description": "3D artist, lowkey a Blender fanboy. Playing with 1's and 0's since 2016.",
        "socials": {
            "twitter": null,
            "instagram": "https://www.instagram.com/kristian.v.i/",
            "linkedIn": null
        },
        "color": {
            "background": "#DA9921",
            "avatar": "#B5771B"
        }
    },{
        "id": 7,
        "avatar": {
            "png": "/assets/images/team/avatar-03.png",
            "webp": "/assets/images/team/avatar-03.webp"
        },
        "realImage": null,
        "name": "Lara Ponebšek",
        "title": "Creative Director",
        "description": "From barbie fashion shows to living Lara in Paris vibes. If a twist is not there, the design is not mine.",
        "socials": {
            "twitter": null,
            "instagram": "https://www.instagram.com/lara.pikovnik/",
            "linkedIn": null
        },
        "color": {
            "background": "#DA9921",
            "avatar": "#B5771B"
        }
    },
    {
        "id": 8,
        "avatar": {
            "png": "/assets/images/team/avatar-03.png",
            "webp": "/assets/images/team/avatar-03.webp"
        },
        "realImage": null,
        "name": "Hugo Skulje",
        "title": "Creative Director",
        "description": "Not a designer. I make clothes that are available solely as emotional perception.",
        "socials": {
            "twitter": null,
            "instagram":"https://www.instagram.com/hugosuklje/",
            "linkedIn": null
        },
        "color": {
            "background": "#DA9921",
            "avatar": "#B5771B"
        }
    },
    {
        "id": 9,
        "avatar": {
            "png": "/assets/images/team/avatar-03.png",
            "webp": "/assets/images/team/avatar-03.webp"
        },
        "realImage": null,
        "name": "Lara Pikovnik",
        "title": "Creative Director",
        "description": "Retired rhythmic gymnast. Now creative director, interested in fashion since 2002.",
        "socials": {
            "twitter": null,
            "instagram": "https://www.instagram.com/laraponebsek/",
            "linkedIn": null
        },
        "color": {
            "background": "#DA9921",
            "avatar": "#B5771B"
        }
    },
    {
        "id": 10,
        "avatar": {
            "png": "/assets/images/team/avatar-04.png",
            "webp": "/assets/images/team/avatar-04.webp"
        },
        "realImage": null,
        "name": "Zach Bleach",
        "title": "Marketing",
        "description": "Son of adam. 3D animations artist. ",
        "socials": {
            "twitter": null,
            "instagram": "https://www.instagram.com/z_bleach/",
            "linkedIn": null
        },
        "color": {
            "background": "#BD3636",
            "avatar": "#841515"
        }
    },
    {
        "id": 11,
        "avatar": {
            "png": "/assets/images/team/avatar-04.png",
            "webp": "/assets/images/team/avatar-04.webp"
        },
        "realImage": null,
        "name": "FRISCOQ.ETH",
        "title": "Marketing",
        "description": "Community Lead for <a href='https://twitter.com/mv3nft'>@mv3nft</a> and <a href='https://twitter.com/themetav3rse'>@themetav3rse</a> | Advisor Sutra Nation",
        "socials": {
            "twitter": "https://twitter.com/FriscoQuarter",
            "instagram": null,
            "linkedIn": null
        },
        "color": {
            "background": "#BD3636",
            "avatar": "#841515"
        }
    },
    {
        "id": 12,
        "avatar": {
            "png": "/assets/images/team/avatar-04.png",
            "webp": "/assets/images/team/avatar-04.webp"
        },
        "realImage": null,
        "name": "LINKZZ.ETH",
        "title": "Marketing",
        "description": "Community Leads for <a href='https://twitter.com/mv3nft'>@mv3nft</a> and <a href='https://twitter.com/themetav3rse'>@themetav3rse</a> | NFT Collector not by choice..",
        "socials": {
            "twitter": "https://twitter.com/CryptoGinger2",
            "instagram": null,
            "linkedIn": null
        },
        "color": {
            "background": "#BD3636",
            "avatar": "#841515"
        }
    },
    {
        "id": 13,
        "avatar": {
            "png": "/assets/images/team/avatar-04.png",
            "webp": "/assets/images/team/avatar-04.webp"
        },
        "realImage": null,
        "name": "Maj Vrenko",
        "title": "Marketing",
        "description": "A visual effects artist that has an obsession with particles. I Want to animate the real world.",
        "socials": {
            "twitter": null,
            "instagram": "https://www.instagram.com/un.tamaumaj/",
            "linkedIn": null
        },
        "color": {
            "background": "#BD3636",
            "avatar": "#841515"
        }
    },
    {
        "id": 14,
        "avatar": {
            "png": "/assets/images/team/avatar-04.png",
            "webp": "/assets/images/team/avatar-04.webp"
        },
        "realImage": null,
        "name": "Nik Razoršek",
        "title": "Marketing",
        "description": "Problem solver. College dropout. If you’re not on your grind 24/7 I'll beat you.",
        "socials": {
            "twitter": "https://twitter.com/nickr_eth",
            "instagram": null,
            "linkedIn": null
        },
        "color": {
            "background": "#BD3636",
            "avatar": "#841515"
        }
    },   
    {
        "id": 15,
        "avatar": {
            "png": "/assets/images/team/avatar-04.png",
            "webp": "/assets/images/team/avatar-04.webp"
        },
        "realImage": null,
        "name": "LUC SEMPRIMOZNIK",
        "title": "Marketing",
        "description": "Sport athlete doing digital marketing. Bought bitcoin in 2017 for the first time at 20k.",
        "socials": {
            "twitter": null,
            "instagram": null,
            "linkedIn": null
        },
        "color": {
            "background": "#BD3636",
            "avatar": "#841515"
        }
    }, 
    {
        "id": 16,
        "avatar": {
            "png": "/assets/images/team/avatar-05.png",
            "webp": "/assets/images/team/avatar-05.webp"
        },
        "realImage": null,
        "name": "Bor Jarh",
        "title": "AR DEVELOPMENT",
        "description": "Designing virtual experiences by making add-ons for reality.",
        "socials": {
            "twitter": null,
            "instagram": "https://www.instagram.com/bor_jarh/",
            "linkedIn": null
        },
        "color": {
            "background": "#409558",
            "avatar": "#135028"
        }
    },
    {
        "id": 17,
        "avatar": {
            "png": "/assets/images/team/avatar-05.png",
            "webp": "/assets/images/team/avatar-05.webp"
        },
        "realImage": null,
        "name": "Rok Popovič",
        "title": "AR DEVELOPMENT",
        "description": "Designing virtual experiences by making add-ons for reality.",
        "socials": {
            "twitter": null,
            "instagram": null,
            "linkedIn": null
        },
        "color": {
            "background": "#409558",
            "avatar": "#135028"
        }
    },
    {
        "id": 18,
        "avatar": {
            "png": "/assets/images/team/avatar-06.png",
            "webp": "/assets/images/team/avatar-06.webp"
        },
        "realImage": null,
        "name": "Qclay design",
        "title": "Development",
        "description": "<img src='/assets/images/qclay.png' alt='qclay.design' class='qclay' />",
        "socials": {
            "twitter": null,
            "instagram": "https://www.instagram.com/qclaydesign/",
            "linkedIn": null,
            "tiktok": "https://www.tiktok.com/@qclay.design"
        },
        "color": {
            "background": "#007DAF",
            "avatar": "#0c445a"
        }
    },    
    {
        "id": 19,
        "avatar": {
            "png": "/assets/images/team/avatar-07.png",
            "webp": "/assets/images/team/avatar-07.webp"
        },
        "realImage": null,
        "name": "Tadej Ancin",
        "title": "3D Figurines",
        "description": "XYZ. Converting digital elements to material. Or reverse. It's both Actually",
        "socials": {
            "twitter": null,
            "instagram": null,
            "linkedIn": null
        },
        "color": {
            "background": "#176e29",
            "avatar": "#083e13"
        }
    },
    {
        "id": 20,
        "avatar": {
            "png": "/assets/images/team/avatar-08.png",
            "webp": "/assets/images/team/avatar-08.webp"
        },
        "realImage": null,
        "name": "Jack",
        "title": "Discord Team",
        "description": null,
        "socials": {
            "twitter": null,
            "instagram": null,
            "linkedIn": null
        },
        "color": {
            "background": "rgb(201 86 86)",
            "avatar": "rgb(139 53 53)"
        }
    },
    {
        "id": 21,
        "avatar": {
            "png": "/assets/images/team/avatar-08.png",
            "webp": "/assets/images/team/avatar-08.webp"
        },
        "realImage": null,
        "name": "Terah Mills",
        "title": "Moderator",
        "description": null,
        "socials": {
            "twitter": null,
            "instagram": null,
            "linkedIn": null
        },
        "color": {
            "background": "rgb(201 86 86)",
            "avatar": "rgb(139 53 53)"
        }
    },
    {
        "id": 22,
        "avatar": {
            "png": "/assets/images/team/avatar-08.png",
            "webp": "/assets/images/team/avatar-08.webp"
        },
        "realImage": null,
        "name": "Anaximillian",
        "title": "Moderator",
        "description": null,
        "socials": {
            "twitter": null,
            "instagram": null,
            "linkedIn": null
        },
        "color": {
            "background": "rgb(201 86 86)",
            "avatar": "rgb(139 53 53)"
        }
    },
    {
        "id": 23,
        "avatar": {
            "png": "/assets/images/team/avatar-08.png",
            "webp": "/assets/images/team/avatar-08.webp"
        },
        "realImage": null,
        "name": "Blue Penguin",
        "title": "Moderator",
        "description": null,
        "socials": {
            "twitter": null,
            "instagram": null,
            "linkedIn": null
        },
        "color": {
            "background": "rgb(201 86 86)",
            "avatar": "rgb(139 53 53)"
        }
    },
    {
        "id": 24,
        "avatar": {
            "png": "/assets/images/team/avatar-08.png",
            "webp": "/assets/images/team/avatar-08.webp"
        },
        "realImage": null,
        "name": "BluRibz",
        "title": "Moderator",
        "description": null,
        "socials": {
            "twitter": null,
            "instagram": null,
            "linkedIn": null
        },
        "color": {
            "background": "rgb(201 86 86)",
            "avatar": "rgb(139 53 53)"
        }
    },
    {
        "id": 25,
        "avatar": {
            "png": "/assets/images/team/avatar-08.png",
            "webp": "/assets/images/team/avatar-08.webp"
        },
        "realImage": null,
        "name": "FrenchBoy",
        "title": "Moderator",
        "description": null,
        "socials": {
            "twitter": null,
            "instagram": null,
            "linkedIn": null
        },
        "color": {
            "background": "rgb(201 86 86)",
            "avatar": "rgb(139 53 53)"
        }
    },
    {
        "id": 26,
        "avatar": {
            "png": "/assets/images/team/avatar-08.png",
            "webp": "/assets/images/team/avatar-08.webp"
        },
        "realImage": null,
        "name": "Badam",
        "title": "Moderator",
        "description": null,
        "socials": {
            "twitter": null,
            "instagram": null,
            "linkedIn": null
        },
        "color": {
            "background": "rgb(201 86 86)",
            "avatar": "rgb(139 53 53)"
        }
    },
    {
        "id": 27,
        "avatar": {
            "png": "/assets/images/team/avatar-08.png",
            "webp": "/assets/images/team/avatar-08.webp"
        },
        "realImage": null,
        "name": "Frannie",
        "title": "Moderator",
        "description": null,
        "socials": {
            "twitter": null,
            "instagram": null,
            "linkedIn": null
        },
        "color": {
            "background": "rgb(201 86 86)",
            "avatar": "rgb(139 53 53)"
        }
    },
    {
        "id": 28,
        "avatar": {
            "png": "/assets/images/team/avatar-08.png",
            "webp": "/assets/images/team/avatar-08.webp"
        },
        "realImage": null,
        "name": "Luiville10.eth",
        "title": "Moderator",
        "description": null,
        "socials": {
            "twitter": null,
            "instagram": null,
            "linkedIn": null
        },
        "color": {
            "background": "rgb(201 86 86)",
            "avatar": "rgb(139 53 53)"
        }
    },
    {
        "id": 29,
        "avatar": {
            "png": "/assets/images/team/avatar-08.png",
            "webp": "/assets/images/team/avatar-08.webp"
        },
        "realImage": null,
        "name": "Jocey.eth",
        "title": "Moderator",
        "description": null,
        "socials": {
            "twitter": null,
            "instagram": null,
            "linkedIn": null
        },
        "color": {
            "background": "rgb(201 86 86)",
            "avatar": "rgb(139 53 53)"
        }
    },
    {
        "id": 30,
        "avatar": {
            "png": "/assets/images/team/avatar-08.png",
            "webp": "/assets/images/team/avatar-08.webp"
        },
        "realImage": null,
        "name": "Kermis",
        "title": "Moderator",
        "description": null,
        "socials": {
            "twitter": null,
            "instagram": null,
            "linkedIn": null
        },
        "color": {
            "background": "rgb(201 86 86)",
            "avatar": "rgb(139 53 53)"
        }
    },
    {
        "id": 31,
        "avatar": {
            "png": "/assets/images/team/avatar-08.png",
            "webp": "/assets/images/team/avatar-08.webp"
        },
        "realImage": null,
        "name": "Maxime",
        "title": "Moderator",
        "description": null,
        "socials": {
            "twitter": null,
            "instagram": null,
            "linkedIn": null
        },
        "color": {
            "background": "rgb(201 86 86)",
            "avatar": "rgb(139 53 53)"
        }
    },
    {
        "id": 32,
        "avatar": {
            "png": "/assets/images/team/avatar-08.png",
            "webp": "/assets/images/team/avatar-08.webp"
        },
        "realImage": null,
        "name": "Tajh",
        "title": "Moderator",
        "description": null,
        "socials": {
            "twitter": null,
            "instagram": null,
            "linkedIn": null
        },
        "color": {
            "background": "rgb(201 86 86)",
            "avatar": "rgb(139 53 53)"
        }
    }
]